HAUL_ID,YEAR,SEASON,DATE,LAT,LON,COD_N,COD_KG,STRATUM,DEPTH,SURFACE.TEMP,BOTTOM.TEMP,SALINITY,DO,BOTTOM.TYPE,…,Comments
24141-26-1,2014,SPRING,2-May-2014,42.21452,-70.21562,3,2.9,26,,,,,,SMOOTH,,
24141-27-2,2014,SPRING,2-May-2014,42.61998,-70.00679,34,52.6,27,,,,,,SMOOTH,,
24141-27-3,2014,SPRING,2-May-2014,42.97203,-70.01337,5,5.6,27,,,,,,ROUGH,,
25141-26-1,2014,SPRING,2-May-2014,42.34928,-70.32272,16,19.1,26,,,,,,SMOOTH,,
25141-26-2,2014,SPRING,2-May-2014,42.54313,-70.292,26,34.5,26,,,,,,ROUGH,,
25141-26-3,2014,SPRING,2-May-2014,42.75087,-70.3554,7,6.6,26,,,,,,ROUGH,,
24141-26-4,2014,SPRING,3-May-2014,43.0564,-70.06329,2,1.4,26,,,,,,ROUGH,,
24141-27-5,2014,SPRING,3-May-2014,43.1147,-70.12576,1,0.7,27,,,,,,ROUGH,,
25141-26-6,2014,SPRING,3-May-2014,43.14922,-70.08555,2,0.8,26,,,,,,ROUGH,,
25141-27-4,2014,SPRING,3-May-2014,43.20147,-70.25063,0,0,27,,,,,,SMOOTH,,
25141-27-5,2014,SPRING,3-May-2014,43.20032,-70.0488,0,0,27,,,,,,ROUGH,,
24141-26-6,2014,SPRING,4-May-2014,42.46487,-70.05541,9,11.2,26,,,,,,ROUGH,,
24141-27-7,2014,SPRING,4-May-2014,42.41363,-69.96784,3,6.1,27,,,,,,ROUGH,,
25141-26-7,2014,SPRING,4-May-2014,42.49248,-70.39715,20,16.4,26,,,,,,ROUGH,,
24141-28-8,2014,SPRING,7-May-2014,42.57749,-68.87209,18,24.7,28,,,,,,ROUGH,,
24141-37-10,2014,SPRING,7-May-2014,42.64849,-68.85083,64,68.5,37,,,,,,ROUGH,,
24141-37-9,2014,SPRING,7-May-2014,42.7367,-68.56625,0,0,37,,,,,,SMOOTH,,
25141-37-8,2014,SPRING,7-May-2014,43.23552,-69.78065,1,1.3,37,,,,,,ROUGH,,
25141-37-9,2014,SPRING,7-May-2014,43.02725,-69.48335,4,5.2,37,,,,,,ROUGH,,
24141-28-11,2014,SPRING,8-May-2014,42.32496,-69.33891,0,0,28,,,,,,SMOOTH,,
24141-28-12,2014,SPRING,8-May-2014,42.51137,-69.59598,0,0,28,,,,,,ROUGH,,
24141-28-13,2014,SPRING,8-May-2014,42.52831,-69.71767,0,0,28,,,,,,SMOOTH,,
24141-28-14,2014,SPRING,9-May-2014,42.38984,-69.90063,4,9.4,28,,,,,,ROUGH,,
24141-28-17,2014,SPRING,12-May-2014,42.70704,-69.5614,0,0,28,,,,,,ROUGH,,
24141-37-15,2014,SPRING,12-May-2014,43.08305,-69.24769,0,0,37,,,,,,ROUGH,,
24141-37-16,2014,SPRING,12-May-2014,43.01318,-69.10428,17,21.7,37,,,,,,ROUGH,,
24141-37-18,2014,SPRING,14-May-2014,42.66612,-69.23219,3,5.9,37,,,,,,ROUGH,,
24141-37-19,2014,SPRING,14-May-2014,42.871,-68.97798,19,32.3,37,,,,,,ROUGH,,
24141-37-20,2014,SPRING,14-May-2014,42.8859,-68.86662,6,10.6,37,,,,,,SMOOTH,,
24141-36-21,2014,SPRING,15-May-2014,42.82337,-68.39885,0,0,36,,,,,,ROUGH,,
24141-36-22,2014,SPRING,15-May-2014,42.86201,-68.17619,16,24.4,36,,,,,,ROUGH,,
24141-36-23,2014,SPRING,15-May-2014,43.04726,-68.19697,0,0,36,,,,,,SMOOTH,,
24141-29-24,2014,SPRING,19-May-2014,42.5845,-68.01812,8,8.5,29,,,,,,SMOOTH,,
24141-36-25,2014,SPRING,19-May-2014,42.82626,-67.87582,2,1.5,36,,,,,,ROUGH,,
24141-36-26,2014,SPRING,19-May-2014,42.86204,-67.8079,0,0,36,,,,,,SMOOTH,,
24141-36-27,2014,SPRING,20-May-2014,42.81577,-67.75638,7,10.3,36,,,,,,ROUGH,,
24141-36-28,2014,SPRING,20-May-2014,42.97583,-68.20938,19,39.2,36,,,,,,ROUGH,,
24141-36-29,2014,SPRING,20-May-2014,43.15349,-68.23794,1,1.9,36,,,,,,ROUGH,,
24141-29-30,2014,SPRING,30-May-2014,42.12587,-67.87763,1,3.9,29,,,,,,ROUGH,,
24141-29-31,2014,SPRING,30-May-2014,42.24786,-67.65869,1,4.63,29,,,,,,ROUGH,,
24141-29-32,2014,SPRING,30-May-2014,42.32052,-67.60325,0,0,29,,,,,,ROUGH,,
24141-29-33,2014,SPRING,30-May-2014,42.39543,-67.89502,2,4.9,29,,,,,,ROUGH,,
24141-29-34,2014,SPRING,2-Jun-2014,42.50877,-68.19196,31,44.9,29,,,,,,ROUGH,,
24141-29-35,2014,SPRING,2-Jun-2014,42.17811,-68.15832,1,1.4,29,,,,,,ROUGH,,
24141-29-36,2014,SPRING,3-Jun-2014,42.16197,-68.23507,1,1.4,29,,,,,,SMOOTH,,
24142-28-1,2014,FALL,12-Oct-2014,42.12136,-69.48256,0,0,28,,,,,,ROUGH,,
24142-28-2,2014,FALL,13-Oct-2014,42.4329,-69.22922,0,0,28,,,,,,ROUGH,,
24142-37-3,2014,FALL,13-Oct-2014,42.75494,-69.27656,5,14.8,37,,,,,,ROUGH,,
24142-37-4,2014,FALL,13-Oct-2014,42.79452,-68.90779,28,60.6,37,,,,,,ROUGH,,
25142-37-1,2014,FALL,13-Oct-2014,43.22757,-68.6975,0,0,37,,,,,,SMOOTH,,
25142-37-2,2014,FALL,13-Oct-2014,43.21043,-69.13295,0,0,37,,,,,,SMOOTH,,
24142-37-5,2014,FALL,14-Oct-2014,42.94024,-69.16633,13,27.5,37,,,,,,ROUGH,,
24142-37-6,2014,FALL,14-Oct-2014,42.89923,-69.21654,8,19.7,37,,,,,,ROUGH,,
25142-28-5,2014,FALL,14-Oct-2014,42.78617,-69.60375,0,0,28,,,,,,ROUGH,,
25142-28-6,2014,FALL,14-Oct-2014,42.51885,-69.70227,0,0,28,,,,,,SMOOTH,,
25142-37-4,2014,FALL,14-Oct-2014,43.01925,-69.655,3,2.8,37,,,,,,ROUGH,,
25142-28-7,2014,FALL,15-Oct-2014,42.51205,-69.77558,0,0,28,,,,,,SMOOTH,,
25142-28-8,2014,FALL,15-Oct-2014,42.4048,-69.90587,0,0,28,,,,,,ROUGH,,
24142-27-7,2014,FALL,17-Oct-2014,42.12377,-69.87566,0,0,27,,,,,,SMOOTH,,
24142-28-8,2014,FALL,17-Oct-2014,42.29496,-69.9122,0,0,28,,,,,,ROUGH,,
25142-26-10,2014,FALL,17-Oct-2014,42.7109,-70.33542,0,0,26,,,,,,ROUGH,,
25142-26-9,2014,FALL,17-Oct-2014,42.44095,-70.5505,13,25.8,26,,,,,,ROUGH,,
24142-27-10,2014,FALL,18-Oct-2014,42.5795,-70.02585,1,5.1,27,,,,,,SMOOTH,,
24142-27-9,2014,FALL,18-Oct-2014,42.43744,-70.02043,0,0,27,,,,,,ROUGH,,
25142-26-12,2014,FALL,18-Oct-2014,42.52942,-70.22838,0,0,26,,,,,,ROUGH,,
25142-27-11,2014,FALL,18-Oct-2014,42.62805,-69.99287,4,9,27,,,,,,ROUGH,,
25142-26-13,2014,FALL,20-Oct-2014,42.66827,-70.37377,0,0,26,,,,,,SMOOTH,,
25142-26-14,2014,FALL,21-Oct-2014,42.88383,-70.23102,1,2,26,,,,,,ROUGH,,
25142-26-16,2014,FALL,21-Oct-2014,42.76622,-70.25755,0,0,26,,,,,,SMOOTH,,
25142-27-15,2014,FALL,21-Oct-2014,42.85152,-70.37012,5,5.9,27,,,,,,ROUGH,,
25142-26-18,2014,FALL,25-Oct-2014,43.15328,-70.0722,9,20.72,26,,,,,,ROUGH,,
25142-27-17,2014,FALL,25-Oct-2014,43.2657,-70.01592,4,8.8,27,,,,,,ROUGH,,
24142-26-11,2014,FALL,28-Oct-2014,43.1378,-70.04335,2,4.5,26,,,,,,ROUGH,,
24142-37-12,2014,FALL,28-Oct-2014,43.12886,-69.55523,1,2.5,37,,,,,,ROUGH,,
25142-36-19,2014,FALL,28-Oct-2014,42.99027,-67.77117,2,7.7,36,,,,,,ROUGH,,
25142-36-20,2014,FALL,28-Oct-2014,42.92232,-68.2625,39,67,36,,,,,,ROUGH,,
25142-36-21,2014,FALL,29-Oct-2014,42.77935,-68.32325,1,5.2,36,,,,,,SMOOTH,,
25142-36-22,2014,FALL,29-Oct-2014,42.85758,-68.45335,1,1.9,36,,,,,,SMOOTH,,
25142-36-23,2014,FALL,29-Oct-2014,42.96248,-68.39178,5,13.2,36,,,,,,ROUGH,,
24142-29-13,2014,FALL,30-Oct-2014,42.71976,-68.10689,7,14,29,,,,,,ROUGH,,
24142-29-14,2014,FALL,30-Oct-2014,42.65096,-67.92106,6,14.5,29,,,,,,ROUGH,,
24142-29-15,2014,FALL,30-Oct-2014,42.7188,-67.63375,10,26.2,29,,,,,,SMOOTH,,
25142-36-24,2014,FALL,30-Oct-2014,43.15275,-68.24707,2,4.1,36,,,,,,ROUGH,,
25142-36-25,2014,FALL,30-Oct-2014,43.14822,-68.51678,0,0,36,,,,,,ROUGH,,
25142-36-26,2014,FALL,30-Oct-2014,43.08745,-68.51155,2,6.5,36,,,,,,ROUGH,,
24142-29-16,2014,FALL,31-Oct-2014,42.57766,-67.6449,6,18.4,29,,,,,,ROUGH,,
24142-29-17,2014,FALL,31-Oct-2014,42.52575,-68.11217,5,18.6,29,,,,,,ROUGH,,
25142-29-27,2014,FALL,5-Nov-2014,42.1083,-68.10268,1,5,29,,,,,,SMOOTH,,
25142-29-28,2014,FALL,5-Nov-2014,42.2656,-67.94508,0,0,29,,,,,,ROUGH,,
25142-29-29,2014,FALL,5-Nov-2014,42.51628,-67.65257,14,29.9,29,,,,,,ROUGH,,
25151-26-1,2015,SPRING,25-Apr-2015,42.36955,-70.561,13,23.5,26,,,,,,SMOOTH,,
24151-28-1,2015,SPRING,26-Apr-2015,42.11327,-69.3431,1,1,28,,,,,,SMOOTH,,
24151-28-2,2015,SPRING,26-Apr-2015,42.33989,-68.8222,0,0,28,,,,,,ROUGH,,
25151-26-2,2015,SPRING,26-Apr-2015,42.64836,-70.3101,38,42.8,26,,,,,,ROUGH,,
25151-26-4,2015,SPRING,26-Apr-2015,42.76655,-70.1574,13,12.2,26,,,,,,ROUGH,,
25151-27-3,2015,SPRING,26-Apr-2015,42.83724,-70.1162,6,12.1,27,,,,,,SMOOTH,,
24151-28-3,2015,SPRING,27-Apr-2015,42.57253,-68.8759,4,4.3,28,,,,,,ROUGH,,
24151-28-4,2015,SPRING,27-Apr-2015,42.55981,-69.1511,0,0,28,,,,,,SMOOTH,,
25151-26-5,2015,SPRING,27-Apr-2015,42.6044,-70.4587,32,36.1,26,,,,,,ROUGH,,
25151-26-6,2015,SPRING,27-Apr-2015,42.4973,-70.3035,36,35.4,26,,,,,,ROUGH,,
25151-26-7,2015,SPRING,27-Apr-2015,42.29258,-70.5779,18,26.7,26,,,,,,SMOOTH,,
24151-27-5,2015,SPRING,29-Apr-2015,42.63464,-70.0185,5,10.3,27,,,,,,ROUGH,,
25151-27-8,2015,SPRING,29-Apr-2015,43.03688,-70.2732,1,1,27,,,,,,SMOOTH,,
24151-27-6,2015,SPRING,30-Apr-2015,42.2679,-69.9182,1,0.2,27,,,,,,ROUGH,,
24151-27-7,2015,SPRING,30-Apr-2015,42.13018,-69.8091,54,41.7,27,,,,,,ROUGH,,
24151-27-8,2015,SPRING,30-Apr-2015,42.11611,-69.859,3,2.7,27,,,,,,ROUGH,,
25151-26-9,2015,SPRING,30-Apr-2015,43.15581,-70.0273,30,18.9,26,,,,,,ROUGH,,
25151-27-10,2015,SPRING,30-Apr-2015,43.01989,-70.1088,2,2.8,27,,,,,,ROUGH,,
24151-36-11,2015,SPRING,2-May-2015,43.16054,-68.3651,0,0,36,,,,,,SMOOTH,,
24151-37-10,2015,SPRING,2-May-2015,42.90885,-68.4743,4,2.3,37,,,,,,ROUGH,,
24151-37-9,2015,SPRING,2-May-2015,42.71767,-69.0303,1,2.4,37,,,,,,ROUGH,,
25151-28-11,2015,SPRING,2-May-2015,42.91134,-69.7758,0,0,28,,,,,,ROUGH,,
25151-28-12,2015,SPRING,2-May-2015,42.98866,-69.8003,0,0,28,,,,,,ROUGH,,
25151-37-13,2015,SPRING,2-May-2015,43.11572,-69.5825,28,39.8,37,,,,,,ROUGH,,
24151-36-12,2015,SPRING,3-May-2015,43.21587,-68.4261,2,3.2,36,,,,,,ROUGH,,
24151-36-13,2015,SPRING,3-May-2015,43.0132,-68.3465,3,1.5,36,,,,,,ROUGH,,
24151-37-14,2015,SPRING,3-May-2015,42.82699,-68.6169,1,1.7,37,,,,,,SMOOTH,,
25151-37-14,2015,SPRING,3-May-2015,43.02051,-68.9863,17,9.3,37,,,,,,ROUGH,,
25151-37-15,2015,SPRING,3-May-2015,43.01905,-68.893,1,0.4,37,,,,,,ROUGH,,
25151-37-16,2015,SPRING,3-May-2015,43.10609,-68.976,0,0,37,,,,,,ROUGH,,
25151-37-17,2015,SPRING,4-May-2015,43.23425,-69.198,2,7.8,37,,,,,,SMOOTH,,
24151-28-15,2015,SPRING,5-May-2015,42.37133,-69.5407,0,0,28,,,,,,ROUGH,,
25151-29-18,2015,SPRING,5-May-2015,42.68806,-68.1233,0,0,29,,,,,,ROUGH,,
25151-29-19,2015,SPRING,5-May-2015,42.73547,-67.9124,7,15.8,29,,,,,,ROUGH,,
24151-29-16,2015,SPRING,6-May-2015,42.46275,-67.9976,4,9.9,29,,,,,,ROUGH,,
24151-29-17,2015,SPRING,6-May-2015,42.34388,-67.8486,1,3.2,29,,,,,,ROUGH,,
24151-29-18,2015,SPRING,6-May-2015,42.39863,-67.8155,3,11,29,,,,,,SMOOTH,,
25151-36-20,2015,SPRING,6-May-2015,43.0815,-67.7338,36,31.4,36,,,,,,ROUGH,,
25151-36-21,2015,SPRING,6-May-2015,43.05554,-67.7549,18,14.9,36,,,,,,ROUGH,,
25151-36-22,2015,SPRING,6-May-2015,42.99924,-68.1088,0,0,36,,,,,,SMOOTH,,
24151-29-19,2015,SPRING,7-May-2015,42.35319,-67.7991,2,3.1,29,,,,,,ROUGH,,
24151-29-20,2015,SPRING,7-May-2015,42.26385,-67.9818,0,0,29,,,,,,ROUGH,,
24151-29-21,2015,SPRING,7-May-2015,42.24274,-67.872,1,5.3,29,,,,,,SMOOTH,,
25151-36-23,2015,SPRING,7-May-2015,42.93796,-68.0881,2,6.1,36,,,,,,ROUGH,,
25151-36-24,2015,SPRING,7-May-2015,42.89189,-68.0289,2,4,36,,,,,,ROUGH,,
24152-27-1,2015,FALL,21-Oct-2015,42.25549,-69.9155,4,3.9,27,,,,,,ROUGH,,
24152-27-3,2015,FALL,21-Oct-2015,42.48513,-70.0286,4,6.5,27,,,,,,ROUGH,,
24152-28-2,2015,FALL,21-Oct-2015,42.51448,-69.6972,0,0,28,,,,,,ROUGH,,
24152-27-4,2015,FALL,24-Oct-2015,42.1066,-69.779,0,0,27,,,,,,SMOOTH,,
25152-26-1,2015,FALL,24-Oct-2015,42.65301,-70.2886,1,3.5,26,,,,,,SMOOTH,,
25152-26-2,2015,FALL,24-Oct-2015,42.46641,-70.3941,18,30.1,26,,,,,,ROUGH,,
24152-26-7,2015,FALL,25-Oct-2015,42.18051,-70.3427,1,3.2,26,,,,,,ROUGH,,
24152-27-5,2015,FALL,25-Oct-2015,42.11675,-69.9425,5,8.5,27,,,,,,ROUGH,,
24152-27-6,2015,FALL,25-Oct-2015,42.25283,-69.9714,40,47.1,27,,,,,,ROUGH,,
25152-26-3,2015,FALL,25-Oct-2015,42.45284,-70.4626,39,44.5,26,,,,,,ROUGH,,
25152-26-4,2015,FALL,25-Oct-2015,42.31183,-70.4396,25,49.7,26,,,,,,ROUGH,,
25152-26-5,2015,FALL,26-Oct-2015,42.79006,-70.2067,0,0,26,,,,,,SMOOTH,,
24152-29-10,2015,FALL,27-Oct-2015,42.07574,-68.2403,0,0,29,,,,,,SMOOTH,,
24152-29-8,2015,FALL,27-Oct-2015,42.71789,-68.4271,3,10.7,29,,,,,,ROUGH,,
24152-29-9,2015,FALL,27-Oct-2015,42.44442,-68.072,18,56.7,29,,,,,,ROUGH,,
25152-26-8,2015,FALL,27-Oct-2015,42.75994,-70.3585,8,9.8,26,,,,,,ROUGH,,
25152-27-6,2015,FALL,27-Oct-2015,42.90326,-70.0082,1,9.5,27,,,,,,SMOOTH,,
25152-27-7,2015,FALL,27-Oct-2015,42.86095,-70.34,27,30.6,27,,,,,,ROUGH,,
24152-28-11,2015,FALL,28-Oct-2015,42.177,-69.4154,15,23.9,28,,,,,,ROUGH,,
24152-28-12,2015,FALL,31-Oct-2015,42.55315,-69.0494,4,5.7,28,,,,,,ROUGH,,
24152-28-13,2015,FALL,31-Oct-2015,42.41571,-68.8382,0,0,28,,,,,,SMOOTH,,
25152-36-10,2015,FALL,31-Oct-2015,42.82019,-67.7245,1,4.6,36,,,,,,ROUGH,,
25152-36-11,2015,FALL,31-Oct-2015,42.94903,-67.8985,2,3.4,36,,,,,,ROUGH,,
25152-36-9,2015,FALL,31-Oct-2015,42.79837,-67.9258,0,0,36,,,,,,SMOOTH,,
24152-28-14,2015,FALL,1-Nov-2015,42.82394,-69.6838,0,0,28,,,,,,ROUGH,,
24152-28-15,2015,FALL,1-Nov-2015,42.7951,-69.8908,0,0,28,,,,,,SMOOTH,,
25152-36-12,2015,FALL,1-Nov-2015,43.03299,-67.9862,4,13,36,,,,,,ROUGH,,
25152-36-13,2015,FALL,1-Nov-2015,43.07638,-68.009,1,2.4,36,,,,,,ROUGH,,
25152-36-14,2015,FALL,2-Nov-2015,43.158,-68.0103,0,0,36,,,,,,SMOOTH,,
25152-36-15,2015,FALL,2-Nov-2015,43.11526,-68.5081,0,0,36,,,,,,ROUGH,,
25152-37-16,2015,FALL,2-Nov-2015,43.16871,-68.6333,0,0,37,,,,,,SMOOTH,,
24152-29-16,2015,FALL,3-Nov-2015,42.63943,-67.8396,0,0,29,,,,,,ROUGH,,
24152-29-17,2015,FALL,3-Nov-2015,42.54925,-67.5201,7,17,29,,,,,,ROUGH,,
24152-29-18,2015,FALL,3-Nov-2015,42.20985,-67.6383,0,0,29,,,,,,ROUGH,,
24152-29-19,2015,FALL,4-Nov-2015,42.57696,-67.7825,0,0,29,,,,,,ROUGH,,
24152-29-20,2015,FALL,4-Nov-2015,42.7312,-68.1452,4,16.8,29,,,,,,SMOOTH,,
24152-36-21,2015,FALL,4-Nov-2015,42.94043,-68.2733,11,18.5,36,,,,,,ROUGH,,
25152-37-17,2015,FALL,4-Nov-2015,43.15333,-69.5891,21,49,37,,,,,,ROUGH,,
25152-37-18,2015,FALL,4-Nov-2015,43.06143,-69.601,8,11.6,37,,,,,,ROUGH,,
25152-37-19,2015,FALL,4-Nov-2015,42.94057,-69.1564,19,73,37,,,,,,ROUGH,,
24152-28-23,2015,FALL,5-Nov-2015,42.45511,-68.8048,0,0,28,,,,,,ROUGH,,
24152-37-22,2015,FALL,5-Nov-2015,42.60427,-68.7956,0,0,37,,,,,,SMOOTH,,
25152-37-20,2015,FALL,5-Nov-2015,42.89455,-69.0196,9,23.5,37,,,,,,ROUGH,,
25152-37-21,2015,FALL,5-Nov-2015,42.83751,-69.1255,5,31.3,37,,,,,,ROUGH,,
25152-37-22,2015,FALL,5-Nov-2015,42.81707,-69.3319,34,89.2,37,,,,,,ROUGH,,
24161-27-1,2016,SPRING,24-Apr-2016,42.14563,-69.80705,29,33.5,27,,,,,,ROUGH,,
24161-27-2,2016,SPRING,25-Apr-2016,42.28426,-69.95512,94,113.2,27,,,,,,ROUGH,,
24161-27-3,2016,SPRING,25-Apr-2016,42.57411,-69.94665,0,0,27,,,,,,SMOOTH,,
24161-27-4,2016,SPRING,25-Apr-2016,42.48886,-69.96749,1,7.8,27,,,,,,SMOOTH,,
25161-26-1,2016,SPRING,25-Apr-2016,42.31009,-70.36667,1,1.2,26,,,,,,ROUGH,,
25161-26-2,2016,SPRING,25-Apr-2016,42.49696,-70.30174,26,35.7,26,,,,,,ROUGH,,
25161-26-3,2016,SPRING,26-Apr-2016,42.84683,-70.21618,3,6.3,26,,,,,,ROUGH,,
25161-26-5,2016,SPRING,26-Apr-2016,42.72505,-70.37848,17,14.8,26,,,,,,ROUGH,,
25161-27-4,2016,SPRING,26-Apr-2016,42.91116,-70.38614,21,19.4,27,,,,,,ROUGH,,
24161-28-5,2016,SPRING,27-Apr-2016,42.17424,-69.41496,41,48.7,28,,,,,,ROUGH,,
24161-28-6,2016,SPRING,27-Apr-2016,42.33487,-68.9249,0,0,28,,,,,,SMOOTH,,
25161-26-6,2016,SPRING,27-Apr-2016,42.5065,-70.27998,2,16,26,,,,,,SMOOTH,,
25161-26-7,2016,SPRING,27-Apr-2016,42.31553,-70.10959,3,3.7,26,,,,,,SMOOTH,,
24161-28-7,2016,SPRING,28-Apr-2016,42.55074,-69.05272,38,33.3,28,,,,,,ROUGH,,
24161-28-8,2016,SPRING,28-Apr-2016,42.60906,-69.06953,7,5.7,28,,,,,,ROUGH,,
24161-37-9,2016,SPRING,28-Apr-2016,42.7101,-69.21191,50,65,37,,,,,,ROUGH,,
24161-28-10,2016,SPRING,29-Apr-2016,42.49071,-69.43074,0,0,28,,,,,,SMOOTH,,
24161-28-11,2016,SPRING,29-Apr-2016,42.49881,-69.89512,7,9.7,28,,,,,,ROUGH,,
25161-26-8,2016,SPRING,29-Apr-2016,42.31164,-70.43755,18,32.5,26,,,,,,ROUGH,,
25161-37-10,2016,SPRING,30-Apr-2016,43.00494,-69.25855,0,0,37,,,,,,ROUGH,,
25161-37-11,2016,SPRING,30-Apr-2016,43.22899,-69.60888,2,4.2,37,,,,,,ROUGH,,
25161-37-9,2016,SPRING,30-Apr-2016,43.03555,-69.14713,1,1.3,37,,,,,,ROUGH,,
25161-27-13,2016,SPRING,1-May-2016,43.19773,-69.9663,0,0,27,,,,,,ROUGH,,
25161-27-14,2016,SPRING,1-May-2016,43.06755,-70.01284,0,0,27,,,,,,ROUGH,,
25161-37-12,2016,SPRING,1-May-2016,43.14081,-69.72599,1,1.1,37,,,,,,ROUGH,,
25161-28-15,2016,SPRING,2-May-2016,42.95455,-69.7756,0,0,28,,,,,,ROUGH,,
24161-29-12,2016,SPRING,3-May-2016,42.33334,-67.78351,1,4.5,29,,,,,,ROUGH,,
24161-29-13,2016,SPRING,3-May-2016,42.4623,-67.60078,0,0,29,,,,,,ROUGH,,
24161-29-14,2016,SPRING,3-May-2016,42.66591,-67.6057,5,10.2,29,,,,,,ROUGH,,
24161-29-15,2016,SPRING,4-May-2016,42.51252,-67.84607,0,0,29,,,,,,SMOOTH,,
24161-29-16,2016,SPRING,4-May-2016,42.59276,-68.48946,0,0,29,,,,,,SMOOTH,,
24161-29-17,2016,SPRING,10-May-2016,42.41464,-68.23855,1,1.3,29,,,,,,ROUGH,,
24161-29-18,2016,SPRING,10-May-2016,42.48091,-68.21484,10,10.5,29,,,,,,ROUGH,,
24161-29-19,2016,SPRING,10-May-2016,42.75982,-68.31244,0,0,29,,,,,,ROUGH,,
25161-36-16,2016,SPRING,10-May-2016,42.82818,-67.7548,1,1.3,36,,,,,,SMOOTH,,
25161-36-17,2016,SPRING,10-May-2016,42.9013,-67.83465,2,2.7,36,,,,,,ROUGH,,
25161-36-18,2016,SPRING,10-May-2016,42.88254,-67.91914,0,0,36,,,,,,ROUGH,,
24161-36-20,2016,SPRING,11-May-2016,43.31706,-68.50095,0,0,36,,,,,,SMOOTH,,
24161-37-21,2016,SPRING,11-May-2016,43.07407,-68.78701,0,0,37,,,,,,SMOOTH,,
25161-36-19,2016,SPRING,11-May-2016,42.93821,-67.92015,0,0,36,,,,,,ROUGH,,
25161-36-20,2016,SPRING,11-May-2016,43.02826,-67.99017,0,0,36,,,,,,ROUGH,,
24161-37-22,2016,SPRING,12-May-2016,42.95951,-68.71465,2,2.7,37,,,,,,ROUGH,,
25161-36-21,2016,SPRING,12-May-2016,42.96111,-68.14989,13,13,36,,,,,,ROUGH,,
25161-36-22,2016,SPRING,12-May-2016,42.89158,-68.40791,14,14.3,36,,,,,,ROUGH,,
25161-37-23,2016,SPRING,12-May-2016,42.79434,-68.45983,0,0,37,,,,,,SMOOTH,,
24162-29-1,2016,FALL,1-Nov-2016,42.53879,-67.9871,6,10,29,,,,,,ROUGH,,
24162-29-2,2016,FALL,1-Nov-2016,42.60046,-67.96037,6,11.7,29,,,,,,ROUGH,,
24162-29-3,2016,FALL,1-Nov-2016,42.71697,-67.86361,13,30.7,29,,,,,,ROUGH,,
25162-36-1,2016,FALL,1-Nov-2016,42.95802,-68.19427,25,46,36,,,,,,ROUGH,,
25162-36-2,2016,FALL,1-Nov-2016,42.9182,-67.90733,7,8.2,36,,,,,,ROUGH,,
25162-36-3,2016,FALL,1-Nov-2016,42.84817,-67.7476,6,11.9,36,,,,,,ROUGH,,
24162-29-4,2016,FALL,2-Nov-2016,42.25905,-67.62766,1,2.5,29,,,,,,ROUGH,,
24162-29-5,2016,FALL,2-Nov-2016,42.42128,-67.75139,1,1.1,29,,,,,,SMOOTH,,
24162-29-6,2016,FALL,2-Nov-2016,42.44425,-67.80807,0,0,29,,,,,,ROUGH,,
25162-36-4,2016,FALL,2-Nov-2016,42.79895,-67.78531,0,0,36,,,,,,SMOOTH,,
25162-36-5,2016,FALL,2-Nov-2016,42.83012,-67.7609,5,9,36,,,,,,ROUGH,,
25162-36-6,2016,FALL,2-Nov-2016,42.9384,-67.89118,11,20.6,36,,,,,,ROUGH,,
24162-29-7,2016,FALL,3-Nov-2016,42.35848,-68.23772,0,0,29,,,,,,SMOOTH,,
25162-36-7,2016,FALL,3-Nov-2016,42.9546,-68.05812,5,7.3,36,,,,,,ROUGH,,
24162-29-9,2016,FALL,8-Nov-2016,42.58673,-68.35659,2,4.1,29,,,,,,ROUGH,,
24162-36-10,2016,FALL,8-Nov-2016,43.03235,-68.25008,0,0,36,,,,,,SMOOTH,,
24162-37-8,2016,FALL,8-Nov-2016,42.76567,-68.60084,7,17,37,,,,,,SMOOTH,,
25162-37-10,2016,FALL,8-Nov-2016,42.7411,-68.84863,28,56.3,37,,,,,,ROUGH,,
25162-37-8,2016,FALL,8-Nov-2016,42.78473,-68.83795,3,5.7,37,,,,,,ROUGH,,
25162-37-9,2016,FALL,8-Nov-2016,42.79104,-68.90908,59,120.9,37,,,,,,ROUGH,,
24162-37-11,2016,FALL,9-Nov-2016,42.84441,-69.11601,2,11.5,37,,,,,,ROUGH,,
24162-37-12,2016,FALL,9-Nov-2016,42.75685,-69.18943,6,15.2,37,,,,,,SMOOTH,,
25162-37-11,2016,FALL,9-Nov-2016,42.94241,-69.21098,1,2.5,37,,,,,,ROUGH,,
25162-37-12,2016,FALL,9-Nov-2016,42.95298,-69.20168,6,15,37,,,,,,ROUGH,,
24162-28-13,2016,FALL,14-Nov-2016,42.17025,-69.6062,0,0,28,,,,,,ROUGH,,
24162-28-14,2016,FALL,14-Nov-2016,42.17627,-69.41362,12,19.3,28,,,,,,ROUGH,,
25162-27-13,2016,FALL,14-Nov-2016,43.16766,-69.94264,0,0,27,,,,,,SMOOTH,,
25162-27-14,2016,FALL,14-Nov-2016,43.1048,-69.9521,0,0,27,,,,,,ROUGH,,
25162-27-15,2016,FALL,14-Nov-2016,43.03165,-70.01563,2,4.6,27,,,,,,ROUGH,,
24162-28-15,2016,FALL,15-Nov-2016,42.51736,-69.36684,1,7.1,28,,,,,,ROUGH,,
24162-28-16,2016,FALL,15-Nov-2016,42.24398,-69.48193,0,0,28,,,,,,SMOOTH,,
25162-28-16,2016,FALL,15-Nov-2016,42.91481,-69.77976,0,0,28,,,,,,ROUGH,,
25162-28-17,2016,FALL,15-Nov-2016,42.83599,-69.93001,0,0,28,,,,,,ROUGH,,
24162-26-17,2016,FALL,16-Nov-2016,42.4712,-70.35519,4,7,26,,,,,,ROUGH,,
24162-27-18,2016,FALL,16-Nov-2016,42.8422,-70.05659,1,8,27,,,,,,ROUGH,,
25162-26-18,2016,FALL,16-Nov-2016,42.60807,-70.29533,19,33.5,26,,,,,,ROUGH,,
24162-27-20,2016,FALL,17-Nov-2016,42.12628,-69.81719,7,11.4,27,,,,,,ROUGH,,
24162-27-21,2016,FALL,17-Nov-2016,42.24469,-69.98272,10,14.4,27,,,,,,SMOOTH,,
24162-28-19,2016,FALL,17-Nov-2016,42.38999,-69.6534,0,0,28,,,,,,SMOOTH,,
25162-26-19,2016,FALL,17-Nov-2016,42.78783,-70.24213,9,14.4,26,,,,,,ROUGH,,
25162-26-20,2016,FALL,17-Nov-2016,42.91501,-70.06674,2,4.7,26,,,,,,SMOOTH,,
25162-27-21,2016,FALL,17-Nov-2016,42.92364,-70.38635,1,0.8,27,,,,,,ROUGH,,
25162-26-22,2016,FALL,18-Nov-2016,42.32165,-70.50457,0,0,26,,,,,,SMOOTH,,
24162-26-22,2016,FALL,19-Nov-2016,42.60203,-70.35493,6,19.1,26,,,,,,ROUGH,,
24162-26-23,2016,FALL,20-Nov-2016,42.44779,-70.48012,4,9,26,,,,,,ROUGH,,
24171-2627-1,2017,SPRING,24-Apr-2017,42.19392,-70.14717,0,0,2627,,,,,,SMOOTH,,
24171-27-2,2017,SPRING,24-Apr-2017,42.11677,-69.89442,0,0,27,,,,,,ROUGH,,
25171-26-2,2017,SPRING,24-Apr-2017,42.38413,-70.36845,12,18.6,26,,,,,,ROUGH,,
25171-2627-1,2017,SPRING,24-Apr-2017,42.17645,-70.42523,1,1.9,2627,,,,,,SMOOTH,,
25171-26-3,2017,SPRING,24-Apr-2017,42.4336,-70.49707,7,8.1,26,,,,,,ROUGH,,
24171-27-3,2017,SPRING,25-Apr-2017,42.16663,-69.90558,30,28.5,27,,,,,,ROUGH,,
24171-27-5,2017,SPRING,27-Apr-2017,42.43117,-69.97367,1,2,27,,,,,,ROUGH,,
24171-2837-6,2017,SPRING,27-Apr-2017,42.59912,-69.56882,0,0,2837,,,,,,SMOOTH,,
24171-28-4,2017,SPRING,27-Apr-2017,42.33803,-69.88815,1,2.9,28,,,,,,ROUGH,,
25171-26-4,2017,SPRING,27-Apr-2017,42.46035,-70.26418,3,6.7,26,,,,,,ROUGH,,
24171-28-7,2017,SPRING,28-Apr-2017,42.85908,-69.65788,0,0,28,,,,,,ROUGH,,
24171-28-8,2017,SPRING,28-Apr-2017,42.65732,-69.3076,2,1.4,28,,,,,,ROUGH,,
24171-28-9,2017,SPRING,28-Apr-2017,42.50598,-69.36712,0,0,28,,,,,,ROUGH,,
25171-26-5,2017,SPRING,28-Apr-2017,42.92057,-70.13252,4,5.9,26,,,,,,ROUGH,,
25171-26-6,2017,SPRING,28-Apr-2017,42.91955,-70.0543,2,1.8,26,,,,,,ROUGH,,
25171-2837-7,2017,SPRING,28-Apr-2017,42.67192,-69.79287,0,0,2837,,,,,,SMOOTH,,
24171-27-10,2017,SPRING,29-Apr-2017,42.13427,-69.83875,6,10.2,27,,,,,,ROUGH,,
25171-27-8,2017,SPRING,29-Apr-2017,42.6395,-70.02333,4,13.4,27,,,,,,ROUGH,,
24171-37-11,2017,SPRING,3-May-2017,42.70445,-69.17526,3,6,37,,,,,,ROUGH,,
24171-37-12,2017,SPRING,3-May-2017,42.67414,-68.87647,35,36.2,37,,,,,,ROUGH,,
24171-28-13,2017,SPRING,4-May-2017,42.48157,-68.67813,1,0.7,28,,,,,,ROUGH,,
24171-28-14,2017,SPRING,4-May-2017,42.46123,-68.79659,3,4.2,28,,,,,,ROUGH,,
24171-28-15,2017,SPRING,4-May-2017,42.34073,-68.82213,1,4,28,,,,,,ROUGH,,
25171-37-10,2017,SPRING,4-May-2017,43.12118,-69.58921,4,1.8,37,,,,,,ROUGH,,
25171-37-11,2017,SPRING,4-May-2017,43.04283,-69.65064,3,4.1,37,,,,,,ROUGH,,
25171-37-9,2017,SPRING,4-May-2017,43.25299,-69.08814,6,6.1,37,,,,,,ROUGH,,
25171-36-12,2017,SPRING,8-May-2017,43.00378,-68.36267,0,0,36,,,,,,ROUGH,,
25171-36-13,2017,SPRING,8-May-2017,42.85046,-67.93298,2,5.8,36,,,,,,ROUGH,,
24171-29-16,2017,SPRING,9-May-2017,42.46695,-67.70471,3,5,29,,,,,,ROUGH,,
24171-29-17,2017,SPRING,9-May-2017,42.5015,-67.62628,3,4.9,29,,,,,,ROUGH,,
24171-29-18,2017,SPRING,9-May-2017,42.52693,-67.57132,2,2.5,29,,,,,,ROUGH,,
25171-29-14,2017,SPRING,9-May-2017,42.76352,-67.70469,4,9.3,29,,,,,,ROUGH,,
25171-2936-15,2017,SPRING,9-May-2017,42.99043,-67.87272,0,0,2936,,,,,,SMOOTH,,
25171-36-16,2017,SPRING,9-May-2017,43.03367,-68.00183,3,5.1,36,,,,,,ROUGH,,
24171-29-19,2017,SPRING,10-May-2017,42.44448,-68.05956,3,6.7,29,,,,,,ROUGH,,
24171-29-20,2017,SPRING,10-May-2017,42.50391,-68.23067,14,22.5,29,,,,,,ROUGH,,
24171-29-21,2017,SPRING,10-May-2017,42.17804,-68.19866,5,11.2,29,,,,,,ROUGH,,
24171-2936-22,2017,SPRING,10-May-2017,42.11261,-68.16019,0,0,2936,,,,,,SMOOTH,,
25171-36-17,2017,SPRING,10-May-2017,43.09861,-68.31729,0,0,36,,,,,,ROUGH,,
25171-36-18,2017,SPRING,10-May-2017,42.87777,-68.3753,4,6,36,,,,,,ROUGH,,
25171-2837-19,2017,SPRING,12-May-2017,42.81511,-68.65445,0,0,2837,,,,,,SMOOTH,,
25171-36-20,2017,SPRING,12-May-2017,42.87029,-68.41222,1,1.8,36,,,,,,ROUGH,,
25171-37-21,2017,SPRING,12-May-2017,42.85526,-68.90099,8,16.3,37,,,,,,ROUGH,,
25171-37-22,2017,SPRING,13-May-2017,42.81503,-68.92933,47,84.8,37,,,,,,ROUGH,,
25171-37-23,2017,SPRING,13-May-2017,42.87758,-69.00551,24,49.2,37,,,,,,ROUGH,,
24172-27-1,2017,FALL,10-Oct-2017,42.14203,-69.81288,18,35,27,,,,,,ROUGH,,
24172-27-2,2017,FALL,10-Oct-2017,42.2649,-69.95173,20,40.4,27,,,,,,ROUGH,,
24172-27-3,2017,FALL,11-Oct-2017,42.3459,-69.99595,18,45.1,27,,,,,,ROUGH,,
24172-28-4,2017,FALL,13-Oct-2017,42.69921,-69.86947,0,0,28,,,,,,ROUGH,,
24172-28-5,2017,FALL,13-Oct-2017,42.88984,-69.77265,0,0,28,,,,,,ROUGH,,
25172-37-1,2017,FALL,13-Oct-2017,43.09081,-68.99592,1,0.9,37,,,,,,ROUGH,,
25172-37-2,2017,FALL,13-Oct-2017,42.94132,-69.15873,36,76.8,37,,,,,,ROUGH,,
25172-37-3,2017,FALL,13-Oct-2017,42.8982,-69.25047,1,2.2,37,,,,,,ROUGH,,
24172-27-7,2017,FALL,14-Oct-2017,43.25077,-70.00218,3,7.7,27,,,,,,ROUGH,,
24172-27-8,2017,FALL,14-Oct-2017,43.08604,-70.10976,0,0,27,,,,,,ROUGH,,
24172-37-6,2017,FALL,14-Oct-2017,43.22076,-69.70932,18,26.6,37,,,,,,ROUGH,,
25172-2837-4,2017,FALL,14-Oct-2017,42.85515,-69.24686,0,0,2837,,,,,,SMOOTH,,
25172-37-5,2017,FALL,14-Oct-2017,42.82215,-69.30468,26,94.3,37,,,,,,ROUGH,,
24172-28-10,2017,FALL,18-Oct-2017,42.61446,-69.46868,0,0,28,,,,,,ROUGH,,
24172-2837-9,2017,FALL,18-Oct-2017,42.1232,-69.70825,0,0,2837,,,,,,SMOOTH,,
25172-2627-7,2017,FALL,18-Oct-2017,42.71369,-70.21372,9,44.9,2627,,,,,,SMOOTH,,
25172-2627-8,2017,FALL,18-Oct-2017,42.61405,-70.13322,1,4.3,2627,,,,,,SMOOTH,,
25172-26-6,2017,FALL,18-Oct-2017,42.74947,-70.2242,4,6.2,26,,,,,,ROUGH,,
24172-28-11,2017,FALL,19-Oct-2017,42.51159,-69.13776,1,2.8,28,,,,,,ROUGH,,
25172-26-10,2017,FALL,19-Oct-2017,42.42306,-70.50529,5,13.4,26,,,,,,ROUGH,,
25172-26-9,2017,FALL,19-Oct-2017,42.61079,-70.34062,4,6.1,26,,,,,,ROUGH,,
24172-28-13,2017,FALL,21-Oct-2017,42.09683,-69.46718,3,4.6,28,,,,,,ROUGH,,
24172-28-14,2017,FALL,21-Oct-2017,42.17756,-69.41285,11,21,28,,,,,,ROUGH,,
25172-36-11,2017,FALL,21-Oct-2017,43.08317,-67.74049,18,30.3,36,,,,,,ROUGH,,
25172-36-12,2017,FALL,21-Oct-2017,42.97554,-67.78139,14,28.1,36,,,,,,ROUGH,,
25172-36-13,2017,FALL,21-Oct-2017,42.87188,-68.01106,0,0,36,,,,,,ROUGH,,
24172-29-15,2017,FALL,22-Oct-2017,42.68228,-67.76843,2,6.3,29,,,,,,ROUGH,,
24172-29-16,2017,FALL,22-Oct-2017,42.34034,-67.78023,1,6.8,29,,,,,,ROUGH,,
24172-29-17,2017,FALL,22-Oct-2017,42.32444,-67.99914,2,3.8,29,,,,,,ROUGH,,
25172-37-14,2017,FALL,22-Oct-2017,42.84729,-68.49729,0,0,37,,,,,,ROUGH,,
25172-37-15,2017,FALL,22-Oct-2017,42.86457,-68.82906,1,2.3,37,,,,,,ROUGH,,
25172-37-16,2017,FALL,22-Oct-2017,42.89075,-68.92556,3,4.7,37,,,,,,ROUGH,,
24172-29-18,2017,FALL,23-Oct-2017,42.22718,-68.07077,0,0,29,,,,,,ROUGH,,
24172-29-19,2017,FALL,28-Oct-2017,42.36897,-67.8905,3,8.6,29,,,,,,ROUGH,,
24172-29-20,2017,FALL,28-Oct-2017,42.60723,-67.69129,0,0,29,,,,,,ROUGH,,
24172-2936-21,2017,FALL,28-Oct-2017,42.68153,-67.67013,5,13.9,2936,,,,,,SMOOTH,,
25172-26-17,2017,FALL,28-Oct-2017,42.53622,-70.3389,3,10.1,26,,,,,,ROUGH,,
25172-26-18,2017,FALL,28-Oct-2017,42.43778,-70.3037,0,0,26,,,,,,ROUGH,,
25172-2936-19,2017,FALL,1-Nov-2017,43.15388,-68.34376,0,0,2936,,,,,,SMOOTH,,
25172-36-20,2017,FALL,1-Nov-2017,42.93523,-68.31021,10,15.9,36,,,,,,ROUGH,,
24172-2837-23,2017,FALL,2-Nov-2017,42.58547,-68.54048,0,0,2837,,,,,,SMOOTH,,
25172-36-21,2017,FALL,2-Nov-2017,42.86493,-68.16065,11,27.2,36,,,,,,ROUGH,,
25172-36-22,2017,FALL,2-Nov-2017,42.76257,-68.34963,0,0,36,,,,,,ROUGH,,
24181-26-1,2018,SPRING,27-Apr-2018,42.215,-70.08396,0,0,26,,,,,,ROUGH,,
24181-27-2,2018,SPRING,27-Apr-2018,42.60731,-69.9896,8,18.2,27,,,,,,ROUGH,,
24181-27-3,2018,SPRING,27-Apr-2018,42.69117,-70.06493,5,8.3,27,,,,,,ROUGH,,
25181-26-1,2018,SPRING,27-Apr-2018,43.15438,-70.05282,4,4,26,,,,,,ROUGH,,
25181-2627-3,2018,SPRING,27-Apr-2018,43.16763,-69.9559,2,12.9,2627,,,,,,SMOOTH,,
25181-27-2,2018,SPRING,27-Apr-2018,43.25098,-69.99774,4,3.2,27,,,,,,ROUGH,,
24181-26-4,2018,SPRING,28-Apr-2018,42.59065,-70.28342,17,34.2,26,,,,,,ROUGH,,
24181-26-6,2018,SPRING,28-Apr-2018,42.29395,-70.3414,1,1.1,26,,,,,,ROUGH,,
24181-27-5,2018,SPRING,28-Apr-2018,42.26514,-70.05188,9,11.3,27,,,,,,ROUGH,,
25181-2627-5,2018,SPRING,28-Apr-2018,42.88994,-70.25544,12,59.8,2627,,,,,,SMOOTH,,
25181-26-6,2018,SPRING,28-Apr-2018,42.62189,-70.3336,16,30.8,26,,,,,,ROUGH,,
25181-27-4,2018,SPRING,28-Apr-2018,42.93124,-70.18928,3,7.4,27,,,,,,ROUGH,,
24181-29-7,2018,SPRING,30-Apr-2018,42.40906,-68.21308,4,3.4,29,,,,,,ROUGH,,
24181-29-8,2018,SPRING,30-Apr-2018,42.25932,-68.06834,0,0,29,,,,,,ROUGH,,
24181-29-9,2018,SPRING,30-Apr-2018,42.11389,-67.9411,1,4.6,29,,,,,,ROUGH,,
24181-29-10,2018,SPRING,1-May-2018,42.48328,-67.73283,0,0,29,,,,,,ROUGH,,
24181-29-11,2018,SPRING,1-May-2018,42.64575,-67.85238,0,0,29,,,,,,ROUGH,,
24181-29-12,2018,SPRING,1-May-2018,42.62246,-68.08909,1,1.6,29,,,,,,ROUGH,,
25181-2936-8,2018,SPRING,1-May-2018,43.19,-67.714,4,11,2936,,,,,,SMOOTH,,
25181-2936-9,2018,SPRING,1-May-2018,42.92592,-67.77075,0,0,2936,,,,,,SMOOTH,,
25181-36-7,2018,SPRING,1-May-2018,42.98025,-67.78443,5,10.4,36,,,,,,ROUGH,,
25181-36-10,2018,SPRING,2-May-2018,42.99508,-68.01733,23,28.5,36,,,,,,ROUGH,,
25181-36-11,2018,SPRING,2-May-2018,42.90275,-68.20985,13,20,36,,,,,,ROUGH,,
25181-36-12,2018,SPRING,2-May-2018,42.94107,-68.2803,25,41.9,36,,,,,,ROUGH,,
25181-36-13,2018,SPRING,3-May-2018,43.00112,-68.484,11,20.9,36,,,,,,ROUGH,,
24181-28-13,2018,SPRING,5-May-2018,42.34048,-69.94681,0,0,28,,,,,,ROUGH,,
24181-28-15,2018,SPRING,6-May-2018,42.40744,-69.88137,1,3.6,28,,,,,,ROUGH,,
24181-28-16,2018,SPRING,6-May-2018,42.4832,-69.90134,2,3.3,28,,,,,,ROUGH,,
24181-2837-14,2018,SPRING,6-May-2018,42.28505,-69.85491,0,0,2837,,,,,,SMOOTH,,
24181-2837-17,2018,SPRING,8-May-2018,42.81071,-68.61728,1,6.2,2837,,,,,,SMOOTH,,
24181-29-18,2018,SPRING,8-May-2018,42.66584,-68.17199,2,3.1,29,,,,,,ROUGH,,
24181-36-19,2018,SPRING,8-May-2018,42.86645,-68.41798,0,0,36,,,,,,ROUGH,,
25181-37-14,2018,SPRING,8-May-2018,43.07831,-69.057,47,63.3,37,,,,,,ROUGH,,
25181-37-15,2018,SPRING,8-May-2018,43.09132,-68.9324,15,29.6,37,,,,,,ROUGH,,
25181-37-16,2018,SPRING,8-May-2018,42.9614,-69.15243,28,52,37,,,,,,ROUGH,,
24181-37-20,2018,SPRING,9-May-2018,42.90382,-68.46456,3,5.7,37,,,,,,ROUGH,,
24181-37-21,2018,SPRING,9-May-2018,42.95417,-68.61925,4,7.6,37,,,,,,ROUGH,,
24181-37-22,2018,SPRING,9-May-2018,42.77739,-68.89445,17,26.8,37,,,,,,ROUGH,,
25181-28-19,2018,SPRING,9-May-2018,42.96191,-69.77831,2,12.4,28,,,,,,ROUGH,,
25181-37-17,2018,SPRING,9-May-2018,43.14073,-69.52696,12,19.5,37,,,,,,ROUGH,,
25181-37-18,2018,SPRING,9-May-2018,43.19827,-69.64551,36,51.2,37,,,,,,ROUGH,,
25181-28-20,2018,SPRING,12-May-2018,42.43627,-69.23327,0,0,28,,,,,,ROUGH,,
25181-28-21,2018,SPRING,12-May-2018,42.45938,-69.2715,1,0.7,28,,,,,,ROUGH,,
25181-28-22,2018,SPRING,12-May-2018,42.3997,-69.54179,0,0,28,,,,,,ROUGH,,
25181-2837-23,2018,SPRING,13-May-2018,42.70126,-69.71091,0,0,2837,,,,,,SMOOTH,,
25182-26-1,2018,FALL,13-Oct-2018,42.77672,-70.16696,5,17,26,,,,,,ROUGH,,
25182-27-2,2018,FALL,13-Oct-2018,42.97812,-70.10112,8,21.6,27,,,,,,ROUGH,,
24182-27-1,2018,FALL,14-Oct-2018,42.1055,-69.91244,3,5,27,,,,,,ROUGH,,
24182-27-2,2018,FALL,14-Oct-2018,42.13577,-69.78608,0,0,27,,,,,,ROUGH,,
25182-26-3,2018,FALL,14-Oct-2018,43.13613,-70.02175,8,16.5,26,,,,,,ROUGH,,
25182-27-4,2018,FALL,14-Oct-2018,43.00187,-70.0735,5,19.2,27,,,,,,ROUGH,,
24182-2627-3,2018,FALL,15-Oct-2018,42.5303,-69.91641,0,0,2627,,,,,,SMOOTH,,
24182-26-4,2018,FALL,15-Oct-2018,42.2408,-70.05032,0,0,26,,,,,,ROUGH,,
25182-26-6,2018,FALL,15-Oct-2018,42.35966,-70.31152,0,0,26,,,,,,ROUGH,,
25182-27-5,2018,FALL,15-Oct-2018,42.7858,-70.07776,4,23.8,27,,,,,,ROUGH,,
24182-28-5,2018,FALL,22-Oct-2018,42.57324,-69.50386,0,0,28,,,,,,ROUGH,,
25182-28-7,2018,FALL,22-Oct-2018,42.73848,-69.42648,0,0,28,,,,,,ROUGH,,
24182-28-6,2018,FALL,23-Oct-2018,42.41034,-69.09871,0,0,28,,,,,,ROUGH,,
24182-28-7,2018,FALL,23-Oct-2018,42.29954,-69.27353,0,0,28,,,,,,ROUGH,,
24182-28-8,2018,FALL,23-Oct-2018,42.15488,-69.64276,0,0,28,,,,,,ROUGH,,
25182-28-10,2018,FALL,23-Oct-2018,42.96961,-69.79502,0,0,28,,,,,,ROUGH,,
25182-2837-8,2018,FALL,23-Oct-2018,42.66734,-69.7729,0,0,2837,,,,,,SMOOTH,,
25182-28-9,2018,FALL,23-Oct-2018,42.73674,-69.79929,0,0,28,,,,,,ROUGH,,
25182-26-12,2018,FALL,26-Oct-2018,42.37612,-70.47021,2,2,26,,,,,,ROUGH,,
25182-2627-11,2018,FALL,26-Oct-2018,42.34755,-70.40786,0,0,2627,,,,,,SMOOTH,,
24182-37-10,2018,FALL,31-Oct-2018,43.17558,-69.5664,9,18,37,,,,,,ROUGH,,
24182-37-9,2018,FALL,31-Oct-2018,43.18977,-69.70791,59,174.9,37,,,,,,ROUGH,,
24182-2837-12,2018,FALL,1-Nov-2018,42.90907,-68.82227,0,0,2837,,,,,,SMOOTH,,
24182-2837-13,2018,FALL,1-Nov-2018,42.80551,-68.49388,0,0,2837,,,,,,SMOOTH,,
24182-37-11,2018,FALL,1-Nov-2018,43.19529,-69.36641,26,58.8,37,,,,,,ROUGH,,
24182-29-14,2018,FALL,5-Nov-2018,42.72386,-68.31939,1,4.3,29,,,,,,ROUGH,,
24182-37-15,2018,FALL,5-Nov-2018,42.66685,-68.87862,5,11.3,37,,,,,,ROUGH,,
24182-37-16,2018,FALL,5-Nov-2018,42.62913,-68.98685,5,14.6,37,,,,,,ROUGH,,
25182-37-13,2018,FALL,5-Nov-2018,42.95749,-68.95598,41,117.3,37,,,,,,ROUGH,,
25182-37-14,2018,FALL,5-Nov-2018,42.82084,-69.28474,28,128.4,37,,,,,,ROUGH,,
25182-37-15,2018,FALL,5-Nov-2018,42.81858,-69.33629,65,201.8,37,,,,,,ROUGH,,
24182-29-17,2018,FALL,12-Nov-2018,42.65276,-68.1703,6,18.1,29,,,,,,ROUGH,,
24182-29-18,2018,FALL,12-Nov-2018,42.64231,-68.31447,4,6.8,29,,,,,,ROUGH,,
24182-29-20,2018,FALL,18-Nov-2018,42.29138,-67.6275,0,0,29,,,,,,ROUGH,,
24182-29-21,2018,FALL,18-Nov-2018,42.34012,-67.60128,0,0,29,,,,,,ROUGH,,
24182-2936-19,2018,FALL,18-Nov-2018,42.41815,-67.95474,3,11.3,2936,,,,,,SMOOTH,,
25182-36-16,2018,FALL,18-Nov-2018,43.06235,-67.72862,9,22.3,36,,,,,,ROUGH,,
25182-36-17,2018,FALL,18-Nov-2018,42.98382,-67.76926,4,7,36,,,,,,ROUGH,,
25182-36-18,2018,FALL,18-Nov-2018,42.90642,-67.78945,3,12.7,36,,,,,,ROUGH,,
24182-29-22,2018,FALL,19-Nov-2018,42.51255,-67.56069,1,5.4,29,,,,,,ROUGH,,
24182-29-23,2018,FALL,19-Nov-2018,42.58546,-67.66544,2,6.6,29,,,,,,ROUGH,,
25182-2936-20,2018,FALL,19-Nov-2018,42.89883,-68.29217,0,0,2936,,,,,,SMOOTH,,
25182-36-19,2018,FALL,19-Nov-2018,42.83776,-68.21532,0,0,36,,,,,,ROUGH,,
25182-36-21,2018,FALL,19-Nov-2018,43.00888,-68.35212,0,0,36,,,,,,ROUGH,,
25182-36-22,2018,FALL,20-Nov-2018,42.94615,-68.4498,13,38.8,36,,,,,,ROUGH,,
24191-27-1,2019,SPRING,25-Apr-2019,42.6202,-70.00761,22,51.7,27,,,,,,ROUGH,,
24191-27-2,2019,SPRING,25-Apr-2019,42.39218,-70.0344,3,4,27,,,,,,ROUGH,,
25191-26-1,2019,SPRING,25-Apr-2019,42.43198,-70.54777,13,18.1,26,,,,,,ROUGH,,
24191-2627-3,2019,SPRING,26-Apr-2019,42.1444,-69.84494,1,1.6,2627,,,,,,SMOOTH,,
25191-26-2,2019,SPRING,26-Apr-2019,42.41711,-70.37299,14,13.7,26,,,,,,ROUGH,,
25191-2627-3,2019,SPRING,26-Apr-2019,42.26817,-70.5089,0,0,2627,,,,,,SMOOTH,,
24191-28-4,2019,SPRING,29-Apr-2019,43.04998,-69.82247,0,0,28,,,,,,ROUGH,,
24191-27-5,2019,SPRING,30-Apr-2019,43.09108,-70.00995,9,9.6,27,,,,,,ROUGH,,
24191-27-6,2019,SPRING,30-Apr-2019,42.99687,-70.00566,1,1.6,27,,,,,,ROUGH,,
25191-36-4,2019,SPRING,30-Apr-2019,43.1625,-67.74077,3,5.9,36,,,,,,ROUGH,,
25191-36-5,2019,SPRING,30-Apr-2019,42.91481,-67.86225,3,6.2,36,,,,,,ROUGH,,
24191-27-8,2019,SPRING,1-May-2019,42.88379,-70.0908,0,0,27,,,,,,ROUGH,,
24191-28-7,2019,SPRING,1-May-2019,42.97409,-69.76417,0,0,28,,,,,,ROUGH,,
24191-28-9,2019,SPRING,1-May-2019,42.54845,-69.8892,0,0,28,,,,,,ROUGH,,
25191-36-6,2019,SPRING,1-May-2019,43.02445,-67.98891,2,13.3,36,,,,,,ROUGH,,
25191-36-7,2019,SPRING,1-May-2019,42.99383,-67.99594,11,18,36,,,,,,ROUGH,,
25191-36-8,2019,SPRING,1-May-2019,42.93247,-68.37383,17,28.2,36,,,,,,ROUGH,,
24191-28-10,2019,SPRING,2-May-2019,42.50639,-69.83501,0,0,28,,,,,,ROUGH,,
25191-36-9,2019,SPRING,2-May-2019,42.86268,-68.39245,0,0,36,,,,,,ROUGH,,
25191-37-10,2019,SPRING,2-May-2019,42.81291,-68.45901,0,0,37,,,,,,ROUGH,,
25191-37-11,2019,SPRING,2-May-2019,42.88164,-68.83599,1,4.2,37,,,,,,ROUGH,,
24191-28-11,2019,SPRING,4-May-2019,42.56976,-68.85707,10,21.4,28,,,,,,ROUGH,,
24191-29-12,2019,SPRING,4-May-2019,42.62308,-68.30423,0,0,29,,,,,,ROUGH,,
25191-2837-12,2019,SPRING,4-May-2019,43.14162,-69.8615,0,0,2837,,,,,,SMOOTH,,
25191-2837-14,2019,SPRING,4-May-2019,43.26442,-69.35588,0,0,2837,,,,,,SMOOTH,,
25191-37-13,2019,SPRING,4-May-2019,43.15414,-69.54051,45,85.8,37,,,,,,ROUGH,,
24191-28-14,2019,SPRING,5-May-2019,42.39942,-69.09072,0,0,28,,,,,,ROUGH,,
24191-28-15,2019,SPRING,5-May-2019,42.47466,-69.28845,0,0,28,,,,,,ROUGH,,
24191-2936-13,2019,SPRING,5-May-2019,42.42395,-68.46223,0,0,2936,,,,,,SMOOTH,,
25191-26-15,2019,SPRING,6-May-2019,42.62198,-70.41441,15,19.1,26,,,,,,ROUGH,,
24191-29-16,2019,SPRING,7-May-2019,42.22112,-68.10168,0,0,29,,,,,,ROUGH,,
24191-2936-17,2019,SPRING,7-May-2019,42.36979,-68.09338,0,0,2936,,,,,,SMOOTH,,
25191-37-16,2019,SPRING,7-May-2019,42.86115,-69.24796,5,8.9,37,,,,,,ROUGH,,
25191-37-17,2019,SPRING,7-May-2019,42.79974,-68.91943,27,40.1,37,,,,,,ROUGH,,
25191-37-18,2019,SPRING,7-May-2019,42.94138,-69.00156,3,4.6,37,,,,,,ROUGH,,
24191-29-18,2019,SPRING,8-May-2019,42.3396,-67.8244,1,6.3,29,,,,,,ROUGH,,
24191-29-19,2019,SPRING,8-May-2019,42.5176,-67.98799,0,0,29,,,,,,ROUGH,,
24191-29-20,2019,SPRING,8-May-2019,42.71457,-68.13669,0,0,29,,,,,,ROUGH,,
25191-2837-20,2019,SPRING,8-May-2019,43.12874,-69.40492,0,0,2837,,,,,,SMOOTH,,
25191-37-19,2019,SPRING,8-May-2019,42.9822,-69.15826,17,21.4,37,,,,,,ROUGH,,
25191-37-21,2019,SPRING,8-May-2019,43.06882,-69.60086,20,39.9,37,,,,,,ROUGH,,
24191-29-21,2019,SPRING,9-May-2019,42.55065,-67.53013,0,0,29,,,,,,ROUGH,,
24191-29-22,2019,SPRING,9-May-2019,42.24209,-67.92652,0,0,29,,,,,,ROUGH,,
25191-26-22,2019,SPRING,9-May-2019,42.63749,-70.26287,15,20.7,26,,,,,,ROUGH,,
25191-26-23,2019,SPRING,9-May-2019,42.58039,-70.33917,19,34,26,,,,,,ROUGH,,
24192-27-1,2019,FALL,13-Oct-2019,42.17022,-69.90323,31,39.5,27,,,,,,ROUGH,,
24192-2837-2,2019,FALL,13-Oct-2019,42.24856,-69.54608,0,0,2837,,,,,,SMOOTH,,
24192-29-3,2019,FALL,14-Oct-2019,42.27834,-67.62327,0,0,29,,,,,,ROUGH,,
24192-29-4,2019,FALL,14-Oct-2019,42.46219,-67.72209,0,0,29,,,,,,ROUGH,,
24192-29-5,2019,FALL,14-Oct-2019,42.58447,-68.1055,1,2.3,29,,,,,,ROUGH,,
25192-27-1,2019,FALL,14-Oct-2019,43.00212,-70.01139,4,16.1,27,,,,,,ROUGH,,
24192-37-6,2019,FALL,15-Oct-2019,42.94363,-69.00524,3,11.8,37,,,,,,ROUGH,,
24192-37-7,2019,FALL,15-Oct-2019,42.83138,-69.1856,36,85.9,37,,,,,,ROUGH,,
24192-37-8,2019,FALL,15-Oct-2019,42.71932,-69.22211,20,81.7,37,,,,,,ROUGH,,
25192-2627-2,2019,FALL,15-Oct-2019,43.34053,-69.99667,0,0,2627,,,,,,SMOOTH,,
25192-26-4,2019,FALL,15-Oct-2019,43.09968,-70.07005,1,0.8,26,,,,,,ROUGH,,
25192-27-3,2019,FALL,15-Oct-2019,43.13385,-70.1157,14,32.4,27,,,,,,ROUGH,,
25192-26-5,2019,FALL,16-Oct-2019,42.57527,-70.24282,2,5.7,26,,,,,,ROUGH,,
25192-26-6,2019,FALL,16-Oct-2019,42.49466,-70.32218,3,16.7,26,,,,,,ROUGH,,
24192-27-9,2019,FALL,19-Oct-2019,42.26588,-69.9813,31,35.4,27,,,,,,ROUGH,,
24192-28-10,2019,FALL,19-Oct-2019,42.48627,-69.51889,0,0,28,,,,,,ROUGH,,
24192-28-11,2019,FALL,20-Oct-2019,42.48784,-68.66659,5,9.8,28,,,,,,ROUGH,,
24192-28-12,2019,FALL,20-Oct-2019,42.44507,-68.78562,3,4.2,28,,,,,,ROUGH,,
25192-37-7,2019,FALL,21-Oct-2019,43.12763,-69.54201,0,0,37,,,,,,ROUGH,,
25192-37-8,2019,FALL,21-Oct-2019,43.11231,-69.60572,22,80.9,37,,,,,,ROUGH,,
25192-37-9,2019,FALL,21-Oct-2019,43.12335,-69.72761,1,7.5,37,,,,,,ROUGH,,
25192-2627-10,2019,FALL,22-Oct-2019,42.92676,-70.34146,2,15.7,2627,,,,,,SMOOTH,,
25192-36-11,2019,FALL,25-Oct-2019,42.96888,-68.4453,2,6.3,36,,,,,,ROUGH,,
25192-36-12,2019,FALL,25-Oct-2019,43.20117,-68.42424,0,0,36,,,,,,ROUGH,,
25192-36-13,2019,FALL,25-Oct-2019,43.07704,-68.34685,0,0,36,,,,,,ROUGH,,
25192-2837-14,2019,FALL,26-Oct-2019,43.02269,-68.77375,0,0,2837,,,,,,SMOOTH,,
25192-37-15,2019,FALL,26-Oct-2019,43.07365,-68.92508,4,10.9,37,,,,,,ROUGH,,
25192-37-16,2019,FALL,26-Oct-2019,43.01922,-69.0803,2,6.1,37,,,,,,ROUGH,,
25192-27-17,2019,FALL,27-Oct-2019,42.59755,-69.98899,0,0,27,,,,,,ROUGH,,
24192-28-13,2019,FALL,29-Oct-2019,42.90052,-69.68984,2,9.1,28,,,,,,ROUGH,,
24192-28-14,2019,FALL,29-Oct-2019,42.75445,-69.80756,0,0,28,,,,,,ROUGH,,
24192-26-16,2019,FALL,30-Oct-2019,42.29449,-70.10194,0,0,26,,,,,,ROUGH,,
24192-28-15,2019,FALL,30-Oct-2019,42.49463,-69.82901,0,0,28,,,,,,ROUGH,,
24192-2837-17,2019,FALL,2-Nov-2019,42.5606,-68.59029,0,0,2837,,,,,,SMOOTH,,
25192-36-18,2019,FALL,2-Nov-2019,43.06727,-67.74076,15,21.2,36,,,,,,ROUGH,,
24192-29-19,2019,FALL,3-Nov-2019,42.65951,-67.81707,3,8.2,29,,,,,,ROUGH,,
24192-29-20,2019,FALL,3-Nov-2019,42.66767,-67.63487,1,2,29,,,,,,ROUGH,,
24192-2936-18,2019,FALL,3-Nov-2019,42.52293,-68.07712,0,0,2936,,,,,,SMOOTH,,
25192-2936-19,2019,FALL,3-Nov-2019,43.10718,-67.82829,1,4.6,2936,,,,,,SMOOTH,,
25192-36-20,2019,FALL,3-Nov-2019,43.0809,-68.0589,0,0,36,,,,,,ROUGH,,
25192-36-21,2019,FALL,3-Nov-2019,43.00096,-68.2134,1,2.4,36,,,,,,ROUGH,,
24192-29-21,2019,FALL,4-Nov-2019,42.58892,-67.64301,1,1.9,29,,,,,,ROUGH,,
24192-29-22,2019,FALL,4-Nov-2019,42.42533,-67.72737,1,4.5,29,,,,,,ROUGH,,
25192-28-22,2019,FALL,4-Nov-2019,42.64469,-69.33798,2,6.2,28,,,,,,ROUGH,,
24192-26-23,2019,FALL,5-Nov-2019,42.23524,-70.07156,1,0.7,26,,,,,,ROUGH,,
202046-27-1,2020,FALL,14-Oct-2020,42.89152,-70.33812,23,36.71,27,,,,,,ROUGH,,
202047-27-1,2020,FALL,14-Oct-2020,42.43641,-69.97958,1,1.46,27,,,,,,ROUGH,,
202046-26-2,2020,FALL,15-Oct-2020,42.83557,-70.27914,31,63.2,26,,,,,,ROUGH,,
202046-2627-3,2020,FALL,15-Oct-2020,42.62468,-70.23445,1,4.26,2627,,,,,,SMOOTH,,
202047-27-2,2020,FALL,15-Oct-2020,42.46225,-69.98231,0,0,27,,,,,,ROUGH,,
202047-27-3,2020,FALL,15-Oct-2020,42.13047,-69.95831,1,1.04,27,,,,,,ROUGH,,
202046-36-4,2020,FALL,18-Oct-2020,42.90249,-67.82607,4,12.79,36,,,,,,ROUGH,,
202046-36-5,2020,FALL,18-Oct-2020,43.07514,-67.73278,3,8.67,36,,,,,,ROUGH,,
202047-29-4,2020,FALL,18-Oct-2020,42.71366,-67.81387,6,16.86,29,,,,,,ROUGH,,
202046-36-6,2020,FALL,19-Oct-2020,43.07791,-67.78087,3,7.17,36,,,,,,ROUGH,,
202046-36-7,2020,FALL,19-Oct-2020,43.03726,-68.06446,0,0,36,,,,,,ROUGH,,
202046-36-8,2020,FALL,19-Oct-2020,43.10231,-68.50778,0,0,36,,,,,,ROUGH,,
202047-2936-7,2020,FALL,19-Oct-2020,42.42554,-67.98868,0,0,2936,,,,,,SMOOTH,,
202047-29-5,2020,FALL,19-Oct-2020,42.73736,-67.70446,0,0,29,,,,,,ROUGH,,
202047-29-6,2020,FALL,19-Oct-2020,42.59943,-67.93967,1,1.98,29,,,,,,ROUGH,,
202046-29-11,2020,FALL,20-Oct-2020,42.71354,-68.40796,0,0,29,,,,,,ROUGH,,
202046-2936-9,2020,FALL,20-Oct-2020,43.03944,-68.45653,0,0,2936,,,,,,SMOOTH,,
202046-36-10,2020,FALL,20-Oct-2020,42.83959,-68.37144,1,2.44,36,,,,,,ROUGH,,
202047-29-8,2020,FALL,20-Oct-2020,42.4262,-67.83468,0,0,29,,,,,,ROUGH,,
202047-28-11,2020,FALL,21-Oct-2020,42.35881,-68.83088,0,0,28,,,,,,ROUGH,,
202047-29-10,2020,FALL,21-Oct-2020,42.13053,-67.88825,0,0,29,,,,,,ROUGH,,
202046-28-12,2020,FALL,23-Oct-2020,42.68554,-69.81269,0,0,28,,,,,,ROUGH,,
202047-28-12,2020,FALL,23-Oct-2020,42.16534,-69.55807,0,0,28,,,,,,ROUGH,,
202047-2837-13,2020,FALL,23-Oct-2020,42.18583,-69.35011,0,0,2837,,,,,,SMOOTH,,
202046-26-14,2020,FALL,24-Oct-2020,43.0283,-70.05421,0,0,26,,,,,,ROUGH,,
202046-2837-13,2020,FALL,24-Oct-2020,42.92294,-69.89529,0,0,2837,,,,,,SMOOTH,,
202047-28-15,2020,FALL,24-Oct-2020,42.40615,-69.89671,0,0,28,,,,,,ROUGH,,
202047-2837-14,2020,FALL,24-Oct-2020,42.20136,-69.65246,0,0,2837,,,,,,SMOOTH,,
202046-37-15,2020,FALL,27-Oct-2020,43.16668,-69.57137,31,106.47,37,,,,,,ROUGH,,
202046-37-16,2020,FALL,27-Oct-2020,43.17745,-69.40071,4,7.16,37,,,,,,ROUGH,,
202046-37-17,2020,FALL,28-Oct-2020,43.06226,-69.13597,0,0,37,,,,,,ROUGH,,
202046-37-18,2020,FALL,28-Oct-2020,43.00839,-69.14158,28,74.88,37,,,,,,ROUGH,,
202047-28-18,2020,FALL,28-Oct-2020,42.77469,-69.54436,0,0,28,,,,,,ROUGH,,
202047-37-16,2020,FALL,28-Oct-2020,42.69287,-68.86909,10,21.64,37,,,,,,ROUGH,,
202047-37-17,2020,FALL,28-Oct-2020,42.79697,-68.83979,0,0,37,,,,,,ROUGH,,
202047-26-19,2020,FALL,29-Oct-2020,42.4883,-70.42703,4,2.42,26,,,,,,ROUGH,,
202047-28-20,2020,FALL,29-Oct-2020,42.3186,-69.88391,0,0,28,,,,,,ROUGH,,
202046-26-20,2020,FALL,7-Nov-2020,43.11333,-70.05911,4,8.45,26,,,,,,ROUGH,,
202046-2627-19,2020,FALL,7-Nov-2020,43.14643,-70.18591,0,0,2627,,,,,,SMOOTH,,
202046-27-21,2020,FALL,7-Nov-2020,43.10765,-70.14306,0,0,27,,,,,,ROUGH,,
202047-37-21,2020,FALL,7-Nov-2020,42.74805,-69.20091,9,33.78,37,,,,,,ROUGH,,
202047-37-22,2020,FALL,7-Nov-2020,42.74623,-69.30386,23,58.62,37,,,,,,ROUGH,,
202046-26-22,2020,FALL,8-Nov-2020,42.59947,-70.45591,5,4.74,26,,,,,,ROUGH,,
202144-26-1,2021,SPRING,27-Apr-2021,42.67207,-70.26915,13,17.86,26,,,,,,ROUGH,,
202144-26-2,2021,SPRING,27-Apr-2021,42.76601,-70.22533,11,13.62,26,,,,,,ROUGH,,
202145-27-1,2021,SPRING,27-Apr-2021,42.39205,-69.98379,6,4.57,27,,,,,,ROUGH,,
202144-27-3,2021,SPRING,28-Apr-2021,42.97458,-70.12369,0,0,27,,,,,,ROUGH,,
202144-27-4,2021,SPRING,28-Apr-2021,43.09611,-70.00097,3,7.76,27,,,,,,ROUGH,,
202144-27-5,2021,SPRING,28-Apr-2021,43.00862,-70.22006,0,0,27,,,,,,ROUGH,,
202145-26-4,2021,SPRING,28-Apr-2021,42.29482,-70.11624,0,0,26,,,,,,ROUGH,,
202145-28-3,2021,SPRING,28-Apr-2021,42.40707,-69.88495,0,0,28,,,,,,ROUGH,,
202145-2837-2,2021,SPRING,28-Apr-2021,42.35521,-69.85853,0,0,2837,,,,,,SMOOTH,,
202144-26-6,2021,SPRING,29-Apr-2021,42.78804,-70.30135,17,20.77,26,,,,,,ROUGH,,
202144-26-7,2021,SPRING,29-Apr-2021,42.71143,-70.25041,13,13.78,26,,,,,,ROUGH,,
202145-2627-6,2021,SPRING,29-Apr-2021,42.39845,-70.22737,19,21.7,2627,,,,,,SMOOTH,,
202145-2627-7,2021,SPRING,29-Apr-2021,42.23229,-70.18967,0,0,2627,,,,,,SMOOTH,,
202145-27-5,2021,SPRING,29-Apr-2021,42.24561,-69.98399,8,6.02,27,,,,,,ROUGH,,
202145-2837-10,2021,SPRING,3-May-2021,42.61468,-68.77182,0,0,2837,,,,,,SMOOTH,,
202145-37-8,2021,SPRING,3-May-2021,42.83725,-68.95561,3,7.02,37,,,,,,ROUGH,,
202145-37-9,2021,SPRING,3-May-2021,42.86294,-68.8733,7,8.64,37,,,,,,ROUGH,,
202144-28-10,2021,SPRING,4-May-2021,42.57298,-69.68193,0,0,28,,,,,,ROUGH,,
202144-28-8,2021,SPRING,4-May-2021,42.4623,-69.27187,0,0,28,,,,,,ROUGH,,
202144-28-9,2021,SPRING,4-May-2021,42.59479,-69.45144,0,0,28,,,,,,ROUGH,,
202145-28-11,2021,SPRING,4-May-2021,42.15965,-69.41268,0,0,28,,,,,,ROUGH,,
202144-28-12,2021,SPRING,5-May-2021,42.76185,-69.81672,0,0,28,,,,,,ROUGH,,
202144-28-13,2021,SPRING,5-May-2021,42.57665,-69.84956,0,0,28,,,,,,ROUGH,,
202144-2837-11,2021,SPRING,5-May-2021,42.90816,-69.50276,0,0,2837,,,,,,SMOOTH,,
202145-29-12,2021,SPRING,7-May-2021,42.21096,-68.03382,0,0,29,,,,,,ROUGH,,
202145-29-13,2021,SPRING,7-May-2021,42.27678,-67.98466,0,0,29,,,,,,ROUGH,,
202144-29-14,2021,SPRING,8-May-2021,42.59812,-68.02998,2,3.86,29,,,,,,ROUGH,,
202144-36-15,2021,SPRING,8-May-2021,42.83945,-68.08571,0,0,36,,,,,,ROUGH,,
202145-29-14,2021,SPRING,8-May-2021,42.08967,-67.96899,0,0,29,,,,,,ROUGH,,
202144-36-16,2021,SPRING,9-May-2021,42.92652,-68.13463,0,0,36,,,,,,ROUGH,,
202144-36-17,2021,SPRING,9-May-2021,43.03961,-68.06192,0,0,36,,,,,,ROUGH,,
202144-36-18,2021,SPRING,9-May-2021,42.96154,-68.35648,4,4.34,36,,,,,,ROUGH,,
202144-36-19,2021,SPRING,10-May-2021,43.0074,-68.48638,1,2.21,36,,,,,,ROUGH,,
202144-36-20,2021,SPRING,10-May-2021,43.02734,-68.49234,3,7.4,36,,,,,,ROUGH,,
202145-37-15,2021,SPRING,10-May-2021,42.90184,-69.21553,12,32.28,37,,,,,,ROUGH,,
202145-37-16,2021,SPRING,10-May-2021,42.92178,-69.16857,13,25.61,37,,,,,,ROUGH,,
202145-37-17,2021,SPRING,11-May-2021,42.83933,-69.30245,7,9.5,37,,,,,,ROUGH,,
202144-37-21,2021,SPRING,13-May-2021,43.10944,-69.55366,1,2.75,37,,,,,,ROUGH,,
202144-37-22,2021,SPRING,13-May-2021,43.23603,-69.48511,0,0,37,,,,,,ROUGH,,
202144-37-23,2021,SPRING,13-May-2021,43.2006,-69.68152,40,66.14,37,,,,,,ROUGH,,
202145-29-19,2021,SPRING,13-May-2021,42.66751,-67.75837,0,0,29,,,,,,ROUGH,,
202145-29-20,2021,SPRING,13-May-2021,42.41701,-67.62024,0,0,29,,,,,,ROUGH,,
202145-2936-18,2021,SPRING,13-May-2021,42.36901,-67.99113,0,0,2936,,,,,,SMOOTH,,
202145-29-21,2021,SPRING,14-May-2021,42.47794,-67.69783,0,0,29,,,,,,ROUGH,,
202145-2936-22,2021,SPRING,14-May-2021,42.35177,-68.22791,0,0,2936,,,,,,SMOOTH,,
202146-36-2,2021,FALL,13-Oct-2021,42.9397,-67.82348,0,0,36,,,,,,ROUGH,,
202147-29-1,2021,FALL,13-Oct-2021,42.20503,-68.15642,0,0,29,,,,,,ROUGH,,
202147-29-2,2021,FALL,13-Oct-2021,42.29964,-67.96736,0,0,29,,,,,,ROUGH,,
202147-29-3,2021,FALL,13-Oct-2021,42.22673,-67.73596,0,0,29,,,,,,ROUGH,,
202146-36-4,2021,FALL,14-Oct-2021,42.86879,-67.83374,0,0,36,,,,,,ROUGH,,
202146-36-5,2021,FALL,14-Oct-2021,42.90783,-68.04741,1,2.83,36,,,,,,ROUGH,,
202146-36-6,2021,FALL,14-Oct-2021,42.91938,-68.21044,2,10.69,36,,,,,,ROUGH,,
202147-29-4,2021,FALL,14-Oct-2021,42.53674,-67.57778,0,0,29,,,,,,ROUGH,,
202147-29-5,2021,FALL,14-Oct-2021,42.48007,-67.73457,1,3.29,29,,,,,,ROUGH,,
202147-29-6,2021,FALL,14-Oct-2021,42.42897,-67.94238,0,0,29,,,,,,ROUGH,,
202146-2936-7,2021,FALL,15-Oct-2021,43.03237,-68.19804,0,0,2936,,,,,,SMOOTH,,
202146-36-8,2021,FALL,15-Oct-2021,43.02929,-68.36518,0,0,36,,,,,,ROUGH,,
202147-2936-7,2021,FALL,15-Oct-2021,42.66798,-68.30873,0,0,2936,,,,,,SMOOTH,,
202147-29-8,2021,FALL,15-Oct-2021,42.56645,-68.35092,0,0,29,,,,,,ROUGH,,
202146-26-10,2021,FALL,20-Oct-2021,42.45466,-70.57239,11,10.16,26,,,,,,ROUGH,,
202146-26-9,2021,FALL,20-Oct-2021,42.53858,-70.4,7,8.28,26,,,,,,ROUGH,,
202147-27-9,2021,FALL,20-Oct-2021,42.47863,-70.03492,2,5.63,27,,,,,,ROUGH,,
202147-2627-10,2021,FALL,21-Oct-2021,42.75876,-70.04349,0,0,2627,,,,,,SMOOTH,,
202147-27-11,2021,FALL,21-Oct-2021,42.32672,-70.01905,8,13.83,27,,,,,,ROUGH,,
202146-26-11,2021,FALL,22-Oct-2021,42.7654,-70.20879,12,12.22,26,,,,,,ROUGH,,
202147-37-12,2021,FALL,22-Oct-2021,42.77328,-69.34002,0,0,37,,,,,,ROUGH,,
202146-2837-13,2021,FALL,23-Oct-2021,43.18788,-69.20089,0,0,2837,,,,,,SMOOTH,,
202146-37-12,2021,FALL,23-Oct-2021,43.2334,-69.32693,1,4.01,37,,,,,,ROUGH,,
202146-37-14,2021,FALL,23-Oct-2021,42.97397,-68.95861,10,21.63,37,,,,,,ROUGH,,
202147-37-13,2021,FALL,23-Oct-2021,42.7178,-69.22051,14,48.39,37,,,,,,ROUGH,,
202147-37-14,2021,FALL,23-Oct-2021,42.64507,-68.98665,0,0,37,,,,,,ROUGH,,
202146-36-16,2021,FALL,24-Oct-2021,43.01342,-68.49364,0,0,36,,,,,,ROUGH,,
202146-26-17,2021,FALL,2-Nov-2021,42.89793,-70.16294,8,18.27,26,,,,,,ROUGH,,
202147-28-15,2021,FALL,2-Nov-2021,42.34608,-69.86492,0,0,28,,,,,,ROUGH,,
202147-2837-16,2021,FALL,2-Nov-2021,42.65544,-69.68866,0,0,2837,,,,,,SMOOTH,,
202146-26-19,2021,FALL,3-Nov-2021,43.1253,-70.08315,0,0,26,,,,,,ROUGH,,
202146-27-18,2021,FALL,3-Nov-2021,43.19496,-70.0345,1,2.27,27,,,,,,ROUGH,,
202146-27-20,2021,FALL,3-Nov-2021,43.09592,-70.11773,1,2.25,27,,,,,,ROUGH,,
202147-28-17,2021,FALL,3-Nov-2021,42.61341,-69.46597,0,0,28,,,,,,ROUGH,,
202147-28-18,2021,FALL,3-Nov-2021,42.64968,-69.19363,0,0,28,,,,,,ROUGH,,
202147-28-19,2021,FALL,3-Nov-2021,42.51366,-69.13599,0,0,28,,,,,,ROUGH,,
202146-2627-21,2021,FALL,4-Nov-2021,43.06533,-70.29604,0,0,2627,,,,,,SMOOTH,,
202146-27-22,2021,FALL,4-Nov-2021,42.91145,-70.22301,0,0,27,,,,,,ROUGH,,
202147-28-20,2021,FALL,4-Nov-2021,42.7889,-69.62234,0,0,28,,,,,,ROUGH,,
202147-28-21,2021,FALL,4-Nov-2021,42.49434,-69.89757,0,0,28,,,,,,ROUGH,,
202146-28-24,2021,FALL,6-Nov-2021,42.95869,-69.7815,0,0,28,,,,,,ROUGH,,
202146-2837-23,2021,FALL,6-Nov-2021,43.00915,-69.57739,0,0,2837,,,,,,SMOOTH,,
202147-37-22,2021,FALL,6-Nov-2021,43.15191,-69.5254,0,0,37,,,,,,ROUGH,,
202147-37-23,2021,FALL,6-Nov-2021,43.19967,-69.57152,1,2.25,37,,,,,,ROUGH,,
,,,,,,,,,,,,,,,,
,,,,,,,,,,,,,,,,
,,,,,,,,,,,,,,,,
,,,,,,,,,,,,,,,,
,,,,,,,,,,,,,,,,
,,,,,,,,,,,,,,,,
,,,,,,,,,,,,,,,,
,,,,,,,,,,,,,,,,
,,,,,,,,,,,,,,,,
,,,,,,,,,,,,,,,,
,,,,,,,,,,,,,,,,
,,,,,,,,,,,,,,,,
,,,,,,,,,,,,,,,,
,,,,,,,,,,,,,,,,
,,,,,,,,,,,,,,,,
,,,,,,,,,,,,,,,,
,,,,,,,,,,,,,,,,
,,,,,,,,,,,,,,,,
,,,,,,,,,,,,,,,,
,,,,,,,,,,,,,,,,
,,,,,,,,,,,,,,,,
,,,,,,,,,,,,,,,,
,,,,,,,,,,,,,,,,
,,,,,,,,,,,,,,,,
,,,,,,,,,,,,,,,,
,,,,,,,,,,,,,,,,
,,,,,,,,,,,,,,,,
,,,,,,,,,,,,,,,,
,,,,,,,,,,,,,,,,
,,,,,,,,,,,,,,,,
,,,,,,,,,,,,,,,,
,,,,,,,,,,,,,,,,
,,,,,,,,,,,,,,,,
,,,,,,,,,,,,,,,,
,,,,,,,,,,,,,,,,
,,,,,,,,,,,,,,,,
,,,,,,,,,,,,,,,,
,,,,,,,,,,,,,,,,
,,,,,,,,,,,,,,,,
,,,,,,,,,,,,,,,,
,,,,,,,,,,,,,,,,
,,,,,,,,,,,,,,,,
,,,,,,,,,,,,,,,,
,,,,,,,,,,,,,,,,
,,,,,,,,,,,,,,,,
,,,,,,,,,,,,,,,,
,,,,,,,,,,,,,,,,
,,,,,,,,,,,,,,,,
,,,,,,,,,,,,,,,,
,,,,,,,,,,,,,,,,
,,,,,,,,,,,,,,,,
,,,,,,,,,,,,,,,,
,,,,,,,,,,,,,,,,
,,,,,,,,,,,,,,,,
,,,,,,,,,,,,,,,,
,,,,,,,,,,,,,,,,
,,,,,,,,,,,,,,,,
,,,,,,,,,,,,,,,,
,,,,,,,,,,,,,,,,
,,,,,,,,,,,,,,,,
,,,,,,,,,,,,,,,,
,,,,,,,,,,,,,,,,
,,,,,,,,,,,,,,,,
,,,,,,,,,,,,,,,,
,,,,,,,,,,,,,,,,
,,,,,,,,,,,,,,,,
,,,,,,,,,,,,,,,,
,,,,,,,,,,,,,,,,
,,,,,,,,,,,,,,,,
,,,,,,,,,,,,,,,,
,,,,,,,,,,,,,,,,
,,,,,,,,,,,,,,,,
,,,,,,,,,,,,,,,,
,,,,,,,,,,,,,,,,
,,,,,,,,,,,,,,,,
,,,,,,,,,,,,,,,,
,,,,,,,,,,,,,,,,
,,,,,,,,,,,,,,,,
,,,,,,,,,,,,,,,,
,,,,,,,,,,,,,,,,
,,,,,,,,,,,,,,,,
,,,,,,,,,,,,,,,,
,,,,,,,,,,,,,,,,
,,,,,,,,,,,,,,,,
,,,,,,,,,,,,,,,,
,,,,,,,,,,,,,,,,
,,,,,,,,,,,,,,,,
,,,,,,,,,,,,,,,,
,,,,,,,,,,,,,,,,
,,,,,,,,,,,,,,,,
,,,,,,,,,,,,,,,,
,,,,,,,,,,,,,,,,
,,,,,,,,,,,,,,,,
,,,,,,,,,,,,,,,,
,,,,,,,,,,,,,,,,
,,,,,,,,,,,,,,,,
,,,,,,,,,,,,,,,,
,,,,,,,,,,,,,,,,
,,,,,,,,,,,,,,,,
,,,,,,,,,,,,,,,,
,,,,,,,,,,,,,,,,
,,,,,,,,,,,,,,,,
,,,,,,,,,,,,,,,,
,,,,,,,,,,,,,,,,
,,,,,,,,,,,,,,,,
,,,,,,,,,,,,,,,,
,,,,,,,,,,,,,,,,
,,,,,,,,,,,,,,,,
,,,,,,,,,,,,,,,,
,,,,,,,,,,,,,,,,
,,,,,,,,,,,,,,,,
,,,,,,,,,,,,,,,,
,,,,,,,,,,,,,,,,
,,,,,,,,,,,,,,,,
,,,,,,,,,,,,,,,,
,,,,,,,,,,,,,,,,
,,,,,,,,,,,,,,,,
,,,,,,,,,,,,,,,,
,,,,,,,,,,,,,,,,
,,,,,,,,,,,,,,,,
,,,,,,,,,,,,,,,,
,,,,,,,,,,,,,,,,
,,,,,,,,,,,,,,,,
,,,,,,,,,,,,,,,,
,,,,,,,,,,,,,,,,
,,,,,,,,,,,,,,,,
,,,,,,,,,,,,,,,,
,,,,,,,,,,,,,,,,
,,,,,,,,,,,,,,,,
,,,,,,,,,,,,,,,,
,,,,,,,,,,,,,,,,
,,,,,,,,,,,,,,,,
,,,,,,,,,,,,,,,,
,,,,,,,,,,,,,,,,
,,,,,,,,,,,,,,,,
,,,,,,,,,,,,,,,,
,,,,,,,,,,,,,,,,
,,,,,,,,,,,,,,,,
,,,,,,,,,,,,,,,,
,,,,,,,,,,,,,,,,
,,,,,,,,,,,,,,,,
,,,,,,,,,,,,,,,,
,,,,,,,,,,,,,,,,
,,,,,,,,,,,,,,,,
,,,,,,,,,,,,,,,,
,,,,,,,,,,,,,,,,
,,,,,,,,,,,,,,,,
,,,,,,,,,,,,,,,,
,,,,,,,,,,,,,,,,
,,,,,,,,,,,,,,,,
,,,,,,,,,,,,,,,,
,,,,,,,,,,,,,,,,
,,,,,,,,,,,,,,,,
,,,,,,,,,,,,,,,,
,,,,,,,,,,,,,,,,
,,,,,,,,,,,,,,,,
,,,,,,,,,,,,,,,,
,,,,,,,,,,,,,,,,
,,,,,,,,,,,,,,,,
,,,,,,,,,,,,,,,,
,,,,,,,,,,,,,,,,
,,,,,,,,,,,,,,,,
,,,,,,,,,,,,,,,,
,,,,,,,,,,,,,,,,
,,,,,,,,,,,,,,,,
,,,,,,,,,,,,,,,,
,,,,,,,,,,,,,,,,
,,,,,,,,,,,,,,,,
,,,,,,,,,,,,,,,,
,,,,,,,,,,,,,,,,
,,,,,,,,,,,,,,,,
,,,,,,,,,,,,,,,,
,,,,,,,,,,,,,,,,
,,,,,,,,,,,,,,,,
,,,,,,,,,,,,,,,,
,,,,,,,,,,,,,,,,
,,,,,,,,,,,,,,,,
,,,,,,,,,,,,,,,,
,,,,,,,,,,,,,,,,
,,,,,,,,,,,,,,,,
,,,,,,,,,,,,,,,,
,,,,,,,,,,,,,,,,
,,,,,,,,,,,,,,,,
,,,,,,,,,,,,,,,,
,,,,,,,,,,,,,,,,
,,,,,,,,,,,,,,,,
,,,,,,,,,,,,,,,,
,,,,,,,,,,,,,,,,
,,,,,,,,,,,,,,,,
,,,,,,,,,,,,,,,,
,,,,,,,,,,,,,,,,
,,,,,,,,,,,,,,,,
,,,,,,,,,,,,,,,,
,,,,,,,,,,,,,,,,
,,,,,,,,,,,,,,,,
,,,,,,,,,,,,,,,,
,,,,,,,,,,,,,,,,
,,,,,,,,,,,,,,,,
,,,,,,,,,,,,,,,,
,,,,,,,,,,,,,,,,
,,,,,,,,,,,,,,,,
,,,,,,,,,,,,,,,,
,,,,,,,,,,,,,,,,
,,,,,,,,,,,,,,,,
,,,,,,,,,,,,,,,,
,,,,,,,,,,,,,,,,
,,,,,,,,,,,,,,,,
,,,,,,,,,,,,,,,,
,,,,,,,,,,,,,,,,
,,,,,,,,,,,,,,,,
,,,,,,,,,,,,,,,,
,,,,,,,,,,,,,,,,
,,,,,,,,,,,,,,,,
,,,,,,,,,,,,,,,,
,,,,,,,,,,,,,,,,
,,,,,,,,,,,,,,,,
,,,,,,,,,,,,,,,,
,,,,,,,,,,,,,,,,
,,,,,,,,,,,,,,,,
,,,,,,,,,,,,,,,,
,,,,,,,,,,,,,,,,
,,,,,,,,,,,,,,,,
,,,,,,,,,,,,,,,,
,,,,,,,,,,,,,,,,
,,,,,,,,,,,,,,,,
,,,,,,,,,,,,,,,,
,,,,,,,,,,,,,,,,
,,,,,,,,,,,,,,,,
,,,,,,,,,,,,,,,,
,,,,,,,,,,,,,,,,
,,,,,,,,,,,,,,,,
,,,,,,,,,,,,,,,,
,,,,,,,,,,,,,,,,
,,,,,,,,,,,,,,,,
,,,,,,,,,,,,,,,,
,,,,,,,,,,,,,,,,
,,,,,,,,,,,,,,,,
,,,,,,,,,,,,,,,,
,,,,,,,,,,,,,,,,
,,,,,,,,,,,,,,,,
,,,,,,,,,,,,,,,,
,,,,,,,,,,,,,,,,
,,,,,,,,,,,,,,,,
,,,,,,,,,,,,,,,,
,,,,,,,,,,,,,,,,
,,,,,,,,,,,,,,,,
,,,,,,,,,,,,,,,,
,,,,,,,,,,,,,,,,
,,,,,,,,,,,,,,,,
,,,,,,,,,,,,,,,,
,,,,,,,,,,,,,,,,
,,,,,,,,,,,,,,,,
,,,,,,,,,,,,,,,,
,,,,,,,,,,,,,,,,
,,,,,,,,,,,,,,,,
,,,,,,,,,,,,,,,,
,,,,,,,,,,,,,,,,
,,,,,,,,,,,,,,,,
,,,,,,,,,,,,,,,,
,,,,,,,,,,,,,,,,
,,,,,,,,,,,,,,,,
,,,,,,,,,,,,,,,,
,,,,,,,,,,,,,,,,
,,,,,,,,,,,,,,,,
,,,,,,,,,,,,,,,,
,,,,,,,,,,,,,,,,
,,,,,,,,,,,,,,,,
,,,,,,,,,,,,,,,,
,,,,,,,,,,,,,,,,
,,,,,,,,,,,,,,,,
,,,,,,,,,,,,,,,,
,,,,,,,,,,,,,,,,
,,,,,,,,,,,,,,,,
,,,,,,,,,,,,,,,,
,,,,,,,,,,,,,,,,
,,,,,,,,,,,,,,,,
,,,,,,,,,,,,,,,,
,,,,,,,,,,,,,,,,
,,,,,,,,,,,,,,,,
,,,,,,,,,,,,,,,,
,,,,,,,,,,,,,,,,
,,,,,,,,,,,,,,,,
,,,,,,,,,,,,,,,,
,,,,,,,,,,,,,,,,
,,,,,,,,,,,,,,,,
,,,,,,,,,,,,,,,,
,,,,,,,,,,,,,,,,
,,,,,,,,,,,,,,,,
,,,,,,,,,,,,,,,,
,,,,,,,,,,,,,,,,
,,,,,,,,,,,,,,,,
,,,,,,,,,,,,,,,,
,,,,,,,,,,,,,,,,
,,,,,,,,,,,,,,,,
,,,,,,,,,,,,,,,,
,,,,,,,,,,,,,,,,
,,,,,,,,,,,,,,,,
,,,,,,,,,,,,,,,,
,,,,,,,,,,,,,,,,
,,,,,,,,,,,,,,,,
,,,,,,,,,,,,,,,,
,,,,,,,,,,,,,,,,
,,,,,,,,,,,,,,,,
,,,,,,,,,,,,,,,,
,,,,,,,,,,,,,,,,
,,,,,,,,,,,,,,,,
,,,,,,,,,,,,,,,,
,,,,,,,,,,,,,,,,
,,,,,,,,,,,,,,,,
,,,,,,,,,,,,,,,,
,,,,,,,,,,,,,,,,
,,,,,,,,,,,,,,,,
,,,,,,,,,,,,,,,,
,,,,,,,,,,,,,,,,
,,,,,,,,,,,,,,,,
,,,,,,,,,,,,,,,,
,,,,,,,,,,,,,,,,
,,,,,,,,,,,,,,,,
,,,,,,,,,,,,,,,,
,,,,,,,,,,,,,,,,
,,,,,,,,,,,,,,,,
,,,,,,,,,,,,,,,,
,,,,,,,,,,,,,,,,
,,,,,,,,,,,,,,,,
,,,,,,,,,,,,,,,,
,,,,,,,,,,,,,,,,
,,,,,,,,,,,,,,,,
,,,,,,,,,,,,,,,,
,,,,,,,,,,,,,,,,
